id,permalink,title,subreddit,created_utc
t3_100000,/r/Python/comments/1ezb9v1/python_313_released_with_free_threaded_gil_free/,Python 3.13 released with free-threaded GIL-free build,Python,1724000000
t3_100001,/r/Python/comments/1e5m5h3/what_are_some_underrated_python_libraries/,What are some underrated Python libraries you use daily?,Python,1724003600
t3_100002,/r/Python/comments/1df9w7u/fastapi_vs_django_vs_flask_in_2024/,FastAPI vs Django vs Flask in 2024 - Real production benchmarks,Python,1724007200
t3_100003,/r/Python/comments/1cxy39p/built_an_agentic_workflow_engine_in_python/,Built an autonomous agentic workflow engine in Python,Python,1724010800
t3_100004,/r/Python/comments/1bx8b90/automate_the_boring_stuff_updated/,Automate the Boring Stuff with Python 2nd Edition Review,Python,1724014400
t3_100005,/r/technology/comments/1f80x8s/scientists_discover_new_superconducting_material/,Scientists discover new superconducting material operating near ambient pressure,technology,1724018000
t3_100006,/r/technology/comments/1f6q3n1/open_source_ai_model_surpasses_proprietary/,Open-source AI models match proprietary frontier performance,technology,1724021600
t3_100007,/r/technology/comments/1f4x9q0/breakthrough_in_solid_state_battery_technology/,Major breakthrough in solid-state battery charge cycles,technology,1724025200
t3_100008,/r/technology/comments/1f3b7m1/quantum_computing_team_demonstrates_error/,Quantum computing team demonstrates real-time error correction,technology,1724028800
t3_100009,/r/technology/comments/1f1k9n2/eu_passes_new_right_to_repair_regulations/,European Union passes comprehensive Right to Repair standards,technology,1724032400
t3_100010,/r/recipes/comments/1f7a8b9/authentic_italian_carbonara_step_by_step/,Authentic Italian Carbonara step-by-step with guanciale & pecorino,recipes,1724036000
t3_100011,/r/recipes/comments/1f5m9o2/24_hour_slow_simmered_tonkotsu_ramen_broth/,24-Hour slow simmered Tonkotsu Ramen broth from scratch,recipes,1724039600
t3_100012,/r/recipes/comments/1f2k1l8/homemade_crispy_sourdough_focaccia_with_rosemary/,Homemade crispy sourdough focaccia with rosemary and sea salt,recipes,1724043200
t3_100013,/r/recipes/comments/1f0x7q3/thai_green_curry_with_fresh_herbs_and_coconut/,Traditional Thai Green Curry with fresh lemongrass and coconut,recipes,1724046800
t3_100014,/r/recipes/comments/1exy8p1/classic_french_beef_bourguignon/,Classic French Beef Bourguignon slow cooked in burgundy wine,recipes,1724050400
t3_100015,/r/webdev/comments/1f9x1y2/showoff_saturday_built_a_personal_ai_vault/,Showoff Saturday: Built a personal privacy-first AI bookmark vault,webdev,1724054000
t3_100016,/r/webdev/comments/1f7m8q1/css_subgrid_and_container_queries_cheat_sheet/,CSS Subgrid and Container Queries visual cheat sheet,webdev,1724057600
t3_100017,/r/webdev/comments/1f4k9b3/modern_state_management_patterns_for_2024/,Modern frontend state management patterns for large-scale React apps,webdev,1724061200
t3_100018,/r/webdev/comments/1f2y8n4/how_we_optimized_core_web_vitals_from_45_to_98/,How we optimized Core Web Vitals from 45 to 98 across 10M visitors,webdev,1724064800
t3_100019,/r/webdev/comments/1ezb8p7/building_accessible_modals_and_sheets_from_scratch/,Building accessible modals and bottom sheets from scratch,webdev,1724068400
t3_100020,/r/science/comments/1f8m9q2/webb_space_telescope_detects_water_vapor_in/,Webb telescope detects methane and carbon dioxide in habitable zone exoplanet,science,1724072000
t3_100021,/r/science/comments/1f6k8y1/new_crispr_variant_allows_single_base_gene_editing/,New CRISPR-Cas9 variant allows single-base genome editing without DNA breaks,science,1724075600
t3_100022,/r/science/comments/1f3x2m9/study_finds_regular_walking_reverses_cognitive/,Longitudinal study finds regular brisk walking reverses biological aging in cells,science,1724079200
t3_100023,/r/science/comments/1f1p8b4/marine_biologists_discover_new_deep_sea_coral_reef/,Marine biologists discover pristine deep-sea coral reef off Galapagos,science,1724082800
t3_100024,/r/science/comments/1eyz9o2/renewable_energy_supplied_over_30_percent_of_global/,Global renewable energy generation exceeded 30% of total demand in 2023,science,1724086400
t3_100025,/r/AskEngineers/comments/1f8z9x2/what_was_the_most_elegant_mechanical_solution/,AskEngineers: What was the most surprisingly elegant mechanical design you saw?,AskEngineers,1724090000
t3_100026,/r/books/comments/1f7y8m1/best_scifi_novels_exploring_first_contact/,Books: Best science-fiction novels exploring first contact scenarios,books,1724093600
t3_100027,/r/Music/comments/1f5x7q3/albums_where_every_single_track_is_a_masterpiece/,Music: Underrated albums where every single track is unskippable,Music,1724097200
t3_100028,/r/personalfinance/comments/1f3w6k9/financial_independence_milestones_by_decade/,PersonalFinance: Financial independence milestones by decade,personalfinance,1724100800
t3_100029,/r/productivity/comments/1f1v5j8/how_a_weekly_review_completely_changed_my_focus/,Productivity: How switching to a zero-inbox weekly review saved my sanity,productivity,1724104400
